name,link
Hochgeschwindigkeits-DC-Leistungsschalter Gerapid,https://search.abb.com/library/Download.aspx?DocumentID=9AKK108468A0776&LanguageCode=de&DocumentPartId=&Action=Launch
"Spannungssensoren KEVA 24 Cxx(c), für CELLPACK",https://search.abb.com/library/Download.aspx?DocumentID=1VLM000809&LanguageCode=de&DocumentPartId=&Action=Launch
Stromsensoren KECA 80 D85,https://search.abb.com/library/Download.aspx?DocumentID=1VLM000805&LanguageCode=de&DocumentPartId=&Action=Launch
Kabelumbauwandler KOKM,https://search.abb.com/library/Download.aspx?DocumentID=1VLM000619&LanguageCode=de&DocumentPartId=&Action=Launch
"REX640, Technisches Handbuch",https://search.abb.com/library/Download.aspx?DocumentID=2NGA000075&LanguageCode=de&DocumentPartId=&Action=Launch
"REX640, Anwendungs-Handbuch",https://search.abb.com/library/Download.aspx?DocumentID=2NGA000333&LanguageCode=de&DocumentPartId=&Action=Launch
"REX640, Engineering-Handbuch",https://search.abb.com/library/Download.aspx?DocumentID=2NGA000332&LanguageCode=de&DocumentPartId=&Action=Launch
"REX640, IEC 60870-5-103 Kommunikationsprotokoll-Handbuch",https://search.abb.com/library/Download.aspx?DocumentID=2NGA000331&LanguageCode=de&DocumentPartId=&Action=Launch
"REX640, Installations-Handbuch",https://search.abb.com/library/Download.aspx?DocumentID=2NGA000074&LanguageCode=de&DocumentPartId=&Action=Launch
"REX640, Benutzerhandbuch",https://search.abb.com/library/Download.aspx?DocumentID=2NGA000153&LanguageCode=de&DocumentPartId=&Action=Launch
KEVCY xx Rx1 Kombinierte Innenraumsensoren,https://search.abb.com/library/Download.aspx?DocumentID=1VLM000815&LanguageCode=de&DocumentPartId=&Action=Launch
Spannungssensoren KEVA 24 Cxx(c) mit 3.25V Ausgang,https://search.abb.com/library/Download.aspx?DocumentID=1VLM000814&LanguageCode=de&DocumentPartId=&Action=Launch
"615 Serie, IEC 60870-5-103 Kommunikationsprotokoll-Handbuch",https://search.abb.com/library/Download.aspx?DocumentID=2NGA000334&LanguageCode=de&DocumentPartId=&Action=Launch
"SSC600, Engineering handbuch",https://search.abb.com/library/Download.aspx?DocumentID=2NGA000246&LanguageCode=de&DocumentPartId=&Action=Launch
Bedienungsanleitung SSC600,https://search.abb.com/library/Download.aspx?DocumentID=2NGA000240&LanguageCode=de&DocumentPartId=&Action=Launch
"Stations-Merging Unit SMU615, Technisches Handbuch",https://search.abb.com/library/Download.aspx?DocumentID=1MRS758906&LanguageCode=de&DocumentPartId=&Action=Launch
"Stations-Merging Unit SMU615, Benutzerhandbuch",https://search.abb.com/library/Download.aspx?DocumentID=1MRS758903&LanguageCode=de&DocumentPartId=&Action=Launch
"Stations-Merging Unit SMU615, Installations-Handbuch",https://search.abb.com/library/Download.aspx?DocumentID=1MRS758902&LanguageCode=de&DocumentPartId=&Action=Launch
"Stations-Merging Unit SMU615, Engineering-Handbuch",https://search.abb.com/library/Download.aspx?DocumentID=1MRS758904&LanguageCode=de&DocumentPartId=&Action=Launch
"Stations-Merging Unit SMU615, Anwendungs-Handbuch",https://search.abb.com/library/Download.aspx?DocumentID=1MRS758905&LanguageCode=de&DocumentPartId=&Action=Launch
"HD4 - 12-40,5 kV – 630-3600 A – 16-50 kA - Installations- und Betriebsanleitung",https://search.abb.com/library/Download.aspx?DocumentID=1VCD601246&LanguageCode=de&DocumentPartId=&Action=Launch
VD4 - Installations-und Betriebsanleitungen,https://search.abb.com/library/Download.aspx?DocumentID=647654&LanguageCode=de&DocumentPartId=&Action=Launch
"620 Serie, Technisches Handbuch",https://search.abb.com/library/Download.aspx?DocumentID=1MRS758533&LanguageCode=de&DocumentPartId=&Action=Launch
V-Contact VSC-VSC/F-VSC/P - 7.2/12 kV - 400 A - Installationa- und Betriebsanleitungen,https://search.abb.com/library/Download.aspx?DocumentID=1VCD600943%202014.06&LanguageCode=de&DocumentPartId=&Action=Launch
"615 Serie, Technisches Handbuch",https://search.abb.com/library/Download.aspx?DocumentID=1MRS757687&LanguageCode=de&DocumentPartId=&Action=Launch
"REG615 5.0 FP1 IEC, Generator- und Generatorableitungsschutz, Anwendungshandbuch",https://search.abb.com/library/Download.aspx?DocumentID=1MRS758574&LanguageCode=de&DocumentPartId=&Action=Launch
620 Serie Benutzerhandbuch,https://search.abb.com/library/Download.aspx?DocumentID=1MRS758038&LanguageCode=de&DocumentPartId=&Action=Launch
"615 Serie 5.0 IEC, Benutzerhandbuch",https://search.abb.com/library/Download.aspx?DocumentID=1MRS756919&LanguageCode=de&DocumentPartId=&Action=Launch
"620 Serie IEC 2.0 FP1, Installations-Handbuch",https://search.abb.com/library/Download.aspx?DocumentID=1MRS758037&LanguageCode=de&DocumentPartId=&Action=Launch
"REV615 5.0 FP1 IEC, Kondensatorbatterieschutz und Steuerung, Anwendungshandbuch",https://search.abb.com/library/Download.aspx?DocumentID=1MRS758534&LanguageCode=de&DocumentPartId=&Action=Launch
"RED615 5.0 FP1 IEC, Leitungsdifferentialschutz und Steuerung, Anwendungshandbuch",https://search.abb.com/library/Download.aspx?DocumentID=1MRS757682&LanguageCode=de&DocumentPartId=&Action=Launch
"RET615 5.0 FP1 IEC, Transformatorschutz, Anwendungshandbuch",https://search.abb.com/library/Download.aspx?DocumentID=1MRS757685&LanguageCode=de&DocumentPartId=&Action=Launch
"REF615 5.0 FP1 IEC, Abzweigschutz und Steuerung, Anwendungshandbuch",https://search.abb.com/library/Download.aspx?DocumentID=1MRS757683&LanguageCode=de&DocumentPartId=&Action=Launch
"REM615 5.0 FP1 IEC, Motorschutz und Steuerung, Anwendungshandbuch",https://search.abb.com/library/Download.aspx?DocumentID=1MRS757684&LanguageCode=de&DocumentPartId=&Action=Launch
"REU615 5.0 FP1 IEC, Spannungsschutz und Steuerung, Anwendungshandbuch",https://search.abb.com/library/Download.aspx?DocumentID=1MRS757686&LanguageCode=de&DocumentPartId=&Action=Launch
"Abzweig-/Motorschutz und -steuerung, Abzweig-/Motorschutz, REF601/REJ601/REM601, Anwendungshandbuch",https://search.abb.com/library/Download.aspx?DocumentID=1MDU07227-YN&LanguageCode=de&DocumentPartId=&Action=Launch
"615 Serie 5.0 FP1 IEC, Installations-Handbuch",https://search.abb.com/library/Download.aspx?DocumentID=1MRS756692&LanguageCode=de&DocumentPartId=&Action=Launch
"REJ603, Wandlerstromgespeister Abgangsschutz, Benutzerhandbuch",https://search.abb.com/library/Download.aspx?DocumentID=1MDU07226-YN&LanguageCode=de&DocumentPartId=&Action=Launch
"Wandlerstromgespeister Abgangsschutz REJ603 Ver. 1.5, HMI-Bedienanleitung",https://search.abb.com/library/Download.aspx?DocumentID=1MDL07211-YN&LanguageCode=de&DocumentPartId=&Action=Launch
UniSec - Installation Manual / Installationsanleitung,https://search.abb.com/library/Download.aspx?DocumentID=1VFM200004&LanguageCode=de&DocumentPartId=140&Action=Launch
UniSec - Operation Manual / Betriebs- und Wartungsanleitung,https://search.abb.com/library/Download.aspx?DocumentID=1VFM200005&LanguageCode=de&DocumentPartId=145&Action=Launch
"630 Serie IEC 1.3, Engineering-Handbuch",https://search.abb.com/library/Download.aspx?DocumentID=1MRS757689&LanguageCode=de&DocumentPartId=&Action=Launch
HD4/R - HD4/S - HD4/UniAir - HD4/UniMix - HD4/R-SEC -Installations- und Betriebsanleitungen,https://search.abb.com/library/Download.aspx?DocumentID=1VCD600900%202015.05&LanguageCode=de&DocumentPartId=&Action=Launch
"630 Serie IEC 1.3, Technisches Handbuch",https://search.abb.com/library/Download.aspx?DocumentID=1MRS757550&LanguageCode=de&DocumentPartId=&Action=Launch
HD4 equipped with Kraus & Naimer auxiliary contacts - Instructions for replacing the auxiliary contacts / HD4 in Ausstattung mit Hilfskontakten Kraus & Naimer - Anweisungen zum Austausch der Hilfskontakte,https://search.abb.com/library/Download.aspx?DocumentID=1VCD601364&LanguageCode=de&DocumentPartId=&Action=Launch
"630-Serie IEC 1.3, Benutzerhandbuch",https://search.abb.com/library/Download.aspx?DocumentID=1MRS757083&LanguageCode=de&DocumentPartId=&Action=Launch
"630-Serie IEC 1.3, Montageanleitung",https://search.abb.com/library/Download.aspx?DocumentID=1MRS757082&LanguageCode=de&DocumentPartId=&Action=Launch
"VD4 - Vacuum circuit-breaker – 36/40.5 kV / Vakuum-Leistungsschalter – 36/40,5 kV",https://search.abb.com/library/Download.aspx?DocumentID=1VCD601314&LanguageCode=de&DocumentPartId=&Action=Launch
VD4/R - VD4/L - VD4/UniAir - VD4/UniMix - VD4/R-SEC - VD4/L-SEC / Installations- und Betriebsanleitungen / 12...24 kV - 630...1250 A - 12...25 kA,https://search.abb.com/library/Download.aspx?DocumentID=1VCD600565&LanguageCode=de&DocumentPartId=&Action=Launch
Bedienungsanleitung MCX 912 und MSX 913,https://search.abb.com/library/Download.aspx?DocumentID=1MRB520112-Ude&LanguageCode=de&DocumentPartId=&Action=Launch
Technische Übersicht MCX 912 und MSX 913,https://search.abb.com/library/Download.aspx?DocumentID=1MRB520124-Bde&LanguageCode=de&DocumentPartId=&Action=Launch
PowerCube PB/F - Installations- und Betriebsanleitung,https://search.abb.com/library/Download.aspx?DocumentID=1VCD600530%202014.03&LanguageCode=de&DocumentPartId=&Action=Launch
PowerCube PB - Installations- und Wartungsanleitung,https://search.abb.com/library/Download.aspx?DocumentID=1VCD601263%202013.09&LanguageCode=de&DocumentPartId=&Action=Launch
"RE_ 610, Schutzrelais, Montageanleitung",https://search.abb.com/library/Download.aspx?DocumentID=1MRS756030&LanguageCode=de&DocumentPartId=&Action=Launch
"REJ603, Wandlerstromgespeister Abgangsschutz, Benutzerhandbuch",https://search.abb.com/library/Download.aspx?DocumentID=1MDU07208-YN&LanguageCode=de&DocumentPartId=&Action=Launch
"Lichtbogenschutzmodul REA 107, Benutzerhandbuch",https://search.abb.com/library/Download.aspx?DocumentID=1MRS757671&LanguageCode=de&DocumentPartId=&Action=Launch
"Lichtbogenschutzmodul REA 105, Benutzerhandbuch",https://search.abb.com/library/Download.aspx?DocumentID=1MRS757670&LanguageCode=de&DocumentPartId=&Action=Launch
"Lichtbogenschutzmodul REA 103, Benutzerhandbuch",https://search.abb.com/library/Download.aspx?DocumentID=1MRS757669&LanguageCode=de&DocumentPartId=&Action=Launch
Relion 611-Serie Installations-Handbuch,https://search.abb.com/library/Download.aspx?DocumentID=1MRS757680&LanguageCode=de&DocumentPartId=&Action=Launch
"REF630, Distanzschutz und Einstellhilfe",https://search.abb.com/library/Download.aspx?DocumentID=DEABBBA542DE&LanguageCode=de&DocumentPartId=&Action=Launch
Richtlinien für die Verpackung - Vakuum-Leistungsschalter,https://search.abb.com/library/Download.aspx?DocumentID=DEABB%202412%2011%20DE&LanguageCode=de&DocumentPartId=&Action=Launch
Schutzfunktionen: Konfiguration und Einstellungen,https://search.abb.com/library/Download.aspx?DocumentID=1MRS757432&LanguageCode=de&DocumentPartId=&Action=Launch
Handbuch für das Konfi gurationsprogramm,https://search.abb.com/library/Download.aspx?DocumentID=1MRS757433&LanguageCode=de&DocumentPartId=&Action=Launch
"REF 542plus, Feldsteuer- und Schutzgerät, Bedienhandbuch",https://search.abb.com/library/Download.aspx?DocumentID=1MRS756367&LanguageCode=de&DocumentPartId=&Action=Launch
"REF542plus, Remote operations, Bedienhandbuch",https://search.abb.com/library/Download.aspx?DocumentID=1MRS757434&LanguageCode=de&DocumentPartId=&Action=Launch
Low/mid duty VM1 - Installations- und Betriebsanleitungen,https://search.abb.com/library/Download.aspx?DocumentID=1VCD600182%202010.08&LanguageCode=de&DocumentPartId=&Action=Launch
"V-Contact ZC - Installations-, Betriebs- und Wartungsanleitung für Vakuumschütze in ausfahrbarer Ausführung -Instructions pour l’installation, l’exploitation et l’entretien des contacteurs sous vide débrochable sur chariot",https://search.abb.com/library/Download.aspx?DocumentID=ITADD-C%20647011%2F011%202010.10&LanguageCode=de&LanguageCode=fr&DocumentPartId=&Action=Launch
V-Contact - Installations und Betriebs für feste Vakuumschütze / Instructions pour l’installation et l’exploitation des contacteurs fixe,https://search.abb.com/library/Download.aspx?DocumentID=ITADD-C%20647002%2F011%202010.10&LanguageCode=de&LanguageCode=fr&DocumentPartId=&Action=Launch
"REF 542plus, Feldsteuer- und Schutzgerät, Technisches Referenzhandbuch",https://search.abb.com/library/Download.aspx?DocumentID=1MRS756481&LanguageCode=de&DocumentPartId=&Action=Launch
"RE_ 5_ _ Schutz, Überwachung and Steuerung, Montageanleitung",https://search.abb.com/library/Download.aspx?DocumentID=1MRS751110-MUM&LanguageCode=de&DocumentPartId=&Action=Launch
"RE_ 54_ Schutz, Überwachung and Steuerung, Bedienungsanleitung",https://search.abb.com/library/Download.aspx?DocumentID=1MRS751111-MUM&LanguageCode=de&DocumentPartId=&Action=Launch
"REU610, Spannungsrelais, Betriebsanleitung",https://search.abb.com/library/Download.aspx?DocumentID=1MRS756735&LanguageCode=de&DocumentPartId=&Action=Launch
"REM610, Motorschutzrelais, Bedienungshandbuch",https://search.abb.com/library/Download.aspx?DocumentID=1MRS756031&LanguageCode=de&DocumentPartId=&Action=Launch
"REF610, Abgangsschutzrelais, Bedienhandbuch",https://search.abb.com/library/Download.aspx?DocumentID=1MRS756034&LanguageCode=de&DocumentPartId=&Action=Launch
PR512 - Installations- und Betriebsanleitung SelbstspeisendesÜberstromrelais mit Mikroprozessor / Relais à maximum de courant auto-alimentésà microprocesseur,https://search.abb.com/library/Download.aspx?DocumentID=ITADD-C%20649172012%202010.02&LanguageCode=de&LanguageCode=fr&DocumentPartId=&Action=Launch
PR521 -Betriebsanleitung für Mikroprozessor-gesteuerte Schutzeinheiten / Manuel d’utilisation pour unités de protection à microprocesseur,https://search.abb.com/library/Download.aspx?DocumentID=ITADD-C%20647008032%202009.09&LanguageCode=de&LanguageCode=fr&DocumentPartId=&Action=Launch
"SHS2 - Installations-, Betriebs-und Wartungsanleitung / Instructions pour l’installation, l’exercice et la maintenance",https://search.abb.com/library/Download.aspx?DocumentID=ITADD-C%20647650%2F011%20DE%2FFR%202009.09&LanguageCode=de&LanguageCode=fr&DocumentPartId=&Action=Launch
HD4 - Installations- und Betriebsanleitung / Instructions pour l’installation et l’exploitation,https://search.abb.com/library/Download.aspx?DocumentID=ITADD-C%20647016%202009.08&LanguageCode=de&LanguageCode=fr&DocumentPartId=&Action=Launch
"REA 101, Lichtbogenschutzrelais, Bedienhandbuch",https://search.abb.com/library/Download.aspx?DocumentID=1MRS756843&LanguageCode=de&DocumentPartId=&Action=Launch
CBE - Installationsanleitung der Kassetten - Instructions pour l’installation des cellules,https://search.abb.com/library/Download.aspx?DocumentID=ITADD-C%20647644%2F013%202007.06&LanguageCode=de&LanguageCode=fr&DocumentPartId=&Action=Launch
"SPAJ 140 C Kombiniertes Überstrom- und Erdschlußrelais, Betriebsanleitung und Technische Beschreibungen",https://search.abb.com/library/Download.aspx?DocumentID=1MRS750971-MUM&LanguageCode=de&DocumentPartId=&Action=Launch
SF6 Leistungsschalter Typ HC Löscheinheit,https://search.abb.com/library/Download.aspx?DocumentID=CH%20MS150387D&LanguageCode=de&DocumentPartId=&Action=Launch
SF6 Leistungsschalter TypHC Revisionsvorschrift,https://search.abb.com/library/Download.aspx?DocumentID=CH%20A269276D&LanguageCode=de&DocumentPartId=&Action=Launch
SF6 Leistungsschalter Typ HB Löscheinheit,https://search.abb.com/library/Download.aspx?DocumentID=CH%20MS123687D&LanguageCode=de&DocumentPartId=&Action=Launch
SF6 Leistungschalter Typ HB Antrieb KHB,https://search.abb.com/library/Download.aspx?DocumentID=CH%20MS123487D&LanguageCode=de&DocumentPartId=&Action=Launch
SF6 Leistungsschalter TypHC Antrieb KHC-CM,https://search.abb.com/library/Download.aspx?DocumentID=CH-MS%20150287%20D&LanguageCode=de&DocumentPartId=&Action=Launch
"SPA-ZC 22, 34 SPACOM 38 DE1",https://search.abb.com/library/Download.aspx?DocumentID=34%20SPACOM%2038%20DE1&LanguageCode=de&DocumentPartId=&Action=Launch
"REM 610, Motorschutzrelais, Technisches Referenzhandbuch",https://search.abb.com/library/Download.aspx?DocumentID=1MRS756032&LanguageCode=de&DocumentPartId=&Action=Launch
"REF 610, Abgangsschutzrelais, Technisches Referenzhandbuch",https://search.abb.com/library/Download.aspx?DocumentID=1MRS756033&LanguageCode=de&DocumentPartId=&Action=Launch
"REF542plus, Bedienungsanleitung Motorschutz mit ATEX - Zertifizierung",https://search.abb.com/library/Download.aspx?DocumentID=1VTA100114&LanguageCode=de&DocumentPartId=DE&Action=Launch
"SPAF 340 C, Frequenzrelais, Betriebsanleitung und Technische Beschreibungen",https://search.abb.com/library/Download.aspx?DocumentID=1MRS751021-MUM&LanguageCode=de&DocumentPartId=&Action=Launch
"UNIVER C Installations-, Betriebs- und Wartungsanleitung für die standardisierten MS-Schaltanlagen",https://search.abb.com/library/Download.aspx?DocumentID=ITADD-C%20601604011-0001&LanguageCode=de&DocumentPartId=&Action=Launch
"BA, BB Switchgear",https://search.abb.com/library/Download.aspx?DocumentID=CH-MS139387D&LanguageCode=de&DocumentPartId=&Action=Launch
"SPA-ZC 302, Profibus-DPV1/SPA Gateway, Handbuch für Installation und Inbetriebnahme",https://search.abb.com/library/Download.aspx?DocumentID=1MRS755264&LanguageCode=de&DocumentPartId=&Action=Launch
"SACO 128R4, Hilfsrelaiseinheit (&SACO 64C5 Gruppenmeldeeinheit,)Technisches Referenz-Handbuch",https://search.abb.com/library/Download.aspx?DocumentID=1MRS755116&LanguageCode=de&DocumentPartId=&Action=Launch
"REX 521 Schutzrelais, Technische Beschreibung, Allgemeines",https://search.abb.com/library/Download.aspx?DocumentID=1MRS752259-MUM&LanguageCode=de&DocumentPartId=&Action=Launch
"SPAM 150 C Motorschutzrelais, Betriebsanleitung und Technische Beschreibungen",https://search.abb.com/library/Download.aspx?DocumentID=1MRS752103-MUM&LanguageCode=de&DocumentPartId=&Action=Launch
"REM 543 und REM 545 Schutz- und Feldsteuergeräte, Technische Beschreibung",https://search.abb.com/library/Download.aspx?DocumentID=1MRS751969-MUM&LanguageCode=de&DocumentPartId=&Action=Launch
"REJ 525 Kombiniertes Überstrom- und Erdschlussrelais, Technisches Referenz-Handbuch",https://search.abb.com/library/Download.aspx?DocumentID=1MRS751225-MUM&LanguageCode=de&DocumentPartId=&Action=Launch
"REX 521 Schutzrelais, Bedienungsanleitung",https://search.abb.com/library/Download.aspx?DocumentID=1MRS752255-MUM&LanguageCode=de&DocumentPartId=&Action=Launch
"SPAU 110 C Verlagerungsspannungs-Relais, Betriebsanleitung und Technische Beschreibungen",https://search.abb.com/library/Download.aspx?DocumentID=1MRS750982-MUM&LanguageCode=de&DocumentPartId=&Action=Launch
"SPAJ 141 C Kombiniertes Überstrom- und Erdschlußrelais, Betriebsanleitung und Technische Beschreibungen",https://search.abb.com/library/Download.aspx?DocumentID=1MRS750073-MUM&LanguageCode=de&DocumentPartId=&Action=Launch
"SPAS 348 C Abzweigschutzrelais, Betriebsanleitung und Technische Beschreibungen",https://search.abb.com/library/Download.aspx?DocumentID=1MRS751095-MUM&LanguageCode=de&DocumentPartId=&Action=Launch
"SPAU 140 C Synchrocheckelais, Betriebsanleitung und Technische Beschreibungen",https://search.abb.com/library/Download.aspx?DocumentID=1MRS750704-MUM&LanguageCode=de&DocumentPartId=&Action=Launch
"SPAS 120 C Erdschlußrichtungsrelais, Betriebsanleitung und Technische Beschreibungen",https://search.abb.com/library/Download.aspx?DocumentID=1MRS750052-MUM&LanguageCode=de&DocumentPartId=&Action=Launch
"SPAD 346 C  Stabilisiertes Differentialrelais, Betriebsanleitung und Technische Beschreibungen",https://search.abb.com/library/Download.aspx?DocumentID=1MRS750148-MUM&LanguageCode=de&DocumentPartId=&Action=Launch
"SPAA 345 C Abzweigschutzrelais, Betriebsanleitung und Technische Beschreibungen",https://search.abb.com/library/Download.aspx?DocumentID=1MRS750723-MUM&LanguageCode=de&DocumentPartId=&Action=Launch
"SPAA 348 C Abzweigschutzrelais, Betriebsanleitung und Technische Beschreibungen",https://search.abb.com/library/Download.aspx?DocumentID=1MRS751094-MUM&LanguageCode=de&DocumentPartId=&Action=Launch
"SPAA 341 C Abzweigschutzrelais, Betriebsanleitung und Technische Beschreibungen",https://search.abb.com/library/Download.aspx?DocumentID=1MRS750715-MUM&LanguageCode=de&DocumentPartId=&Action=Launch
"SPAJ 160 C Überlast- und Schieflastschutzrelais für Kondensatorbatterie, Betriebsanleitung und Technische Beschreibungen",https://search.abb.com/library/Download.aspx?DocumentID=1MRS750242-MUM&LanguageCode=de&DocumentPartId=&Action=Launch
"SPAC 538 C, SPAC 638 C Abzweigschutz- und Steuereinheit, Betriebsanleitung und Technische Beschreibungen",https://search.abb.com/library/Download.aspx?DocumentID=1MRS752142-MUM&LanguageCode=de&DocumentPartId=&Action=Launch
"SPAC 537 C, SPAC 637 C Abzweigschutz- und Steuereinheit, Betriebsanleitung und Technische Beschreibungen",https://search.abb.com/library/Download.aspx?DocumentID=1MRS752141-MUM&LanguageCode=de&DocumentPartId=&Action=Launch
"SPAC 535 C, SPAC 635 C Abzweigschutz- und Steuereinheit, Betriebsanleitung und Technische Beschreibungen",https://search.abb.com/library/Download.aspx?DocumentID=1MRS751056-MUM&LanguageCode=de&DocumentPartId=&Action=Launch
"SPAC 534 C, SPAC 634 C Abzweigschutz- und Steuereinheit, Betriebsanleitung und Technische Beschreibungen",https://search.abb.com/library/Download.aspx?DocumentID=1MRS752108-MUM&LanguageCode=de&DocumentPartId=&Action=Launch
"SPAC 531 C, SPAC 631 C Abzweigschutz- und Steuereinheit, Betriebsanleitung und Technische Beschreibungen",https://search.abb.com/library/Download.aspx?DocumentID=1MRS752107-MUM&LanguageCode=de&DocumentPartId=&Action=Launch
"SPAC 320 C Motorschutz- und Steuereinheit, Betriebsanleitung und Technische Beschreibungen",https://search.abb.com/library/Download.aspx?DocumentID=1MRS750058-MUM&LanguageCode=de&DocumentPartId=&Action=Launch
"SPAC 311 C Abzweigschutz- und Steuereinheit, Betriebsanleitung und Technische Beschreibungen",https://search.abb.com/library/Download.aspx?DocumentID=1MRS750070-MUM&LanguageCode=de&DocumentPartId=&Action=Launch
"SPAC 310 C, SPAC 312 C Abzweigschutz- und Steuereinheit, Betriebsanleitung und Technische Beschreibungen",https://search.abb.com/library/Download.aspx?DocumentID=1MRS750679-MUM&LanguageCode=de&DocumentPartId=&Action=Launch
"SRIO 500M, Datenkommunikations- und Protokollgerät, Betriebsanleitung und Technische Beschreibungen",https://search.abb.com/library/Download.aspx?DocumentID=1MRS750068-MUM&LanguageCode=de&DocumentPartId=&Action=Launch
"SACO 16D3 Meldeeinheit, Betriebsanleitung",https://search.abb.com/library/Download.aspx?DocumentID=34%20SACO%2016D3%201DE1&LanguageCode=de&DocumentPartId=&Action=Launch
"SACO 64D4 Meldeeinheit, Technische Betriebsanleitun",https://search.abb.com/library/Download.aspx?DocumentID=34%20SACO%2064%201%20DE1&LanguageCode=de&DocumentPartId=&Action=Launch
"SACO 16D1 Meldeeinheit, Betriebsanleitung und Technische Beschreibungen",https://search.abb.com/library/Download.aspx?DocumentID=1MRS750075-MUM&LanguageCode=de&DocumentPartId=&Action=Launch
"SACO 16A3 Überwachungs- und Meldegerät für Analogsignale, Betriebsanleitung und Technische Beschreibungen",https://search.abb.com/library/Download.aspx?DocumentID=1MRS750074-MUM&LanguageCode=de&DocumentPartId=&Action=Launch
"REU 523  Konbiniertes Überspannungs- und Unterspannungsrelais, Bedienungsanleitung",https://search.abb.com/library/Download.aspx?DocumentID=1MRS751711-MUM&LanguageCode=de&DocumentPartId=&Action=Launch
"REJ 527 Gerichtetes oder ungerichtetes Erdschlußrelais, Technisches Referenz-Handbuch",https://search.abb.com/library/Download.aspx?DocumentID=1MRS752037-MUM&LanguageCode=de&DocumentPartId=&Action=Launch
"REJ 523 Überstromrelais, Technisches Referenz-Handbuch",https://search.abb.com/library/Download.aspx?DocumentID=1MRS752033-MUM&LanguageCode=de&DocumentPartId=&Action=Launch
"REJ 521 Erdschlußrelais, Technisches Referenz-Handbuc",https://search.abb.com/library/Download.aspx?DocumentID=1MRS752030-MUM&LanguageCode=de&DocumentPartId=&Action=Launch
"BA 453/00 D, REF542 (SCU) Feldleit- und Schutzgerät Kurzbedienungsanleitung",https://search.abb.com/library/Download.aspx?DocumentID=GCEA670453P0101%20D&LanguageCode=de&DocumentPartId=&Action=Launch
"BA 452/00 D, Handbuch REF542 (SCU), Feldleit- und Schutzgerät",https://search.abb.com/library/Download.aspx?DocumentID=GCEA670452P0101%20D&LanguageCode=de&DocumentPartId=&Action=Launch
"BA 398/03 D, ZS1, Metallgeschottete Schaltanlagen, 24 kV,2 500 A, 25 kA",https://search.abb.com/library/Download.aspx?DocumentID=GCEA680398P0101%20D&LanguageCode=de&DocumentPartId=&Action=Launch
"BA 372/03 D, ZS1, Metallgeschottete Schaltanlagen 12 kV, ... 3150 A, ... 50 kA",https://search.abb.com/library/Download.aspx?DocumentID=GCEA680372P0101%20D&LanguageCode=de&DocumentPartId=&Action=Launch
"BA 400/01 D, Lösen der Anzeigevorrichtung des EK6 in einer ZS1-Schaltanlage",https://search.abb.com/library/Download.aspx?DocumentID=GCEA680400P0101%20D&LanguageCode=de&DocumentPartId=&Action=Launch
